question,choice_list,Round_1_Model_ChatGPT,Round_1_Model_Gemini,Round_1_Model_Mistral
What kind of stock doesn't have shares?,"['Small-cap stock.', 'Livestock.', 'Growth stock.', 'None of above.']","Answer: 3
Confidence: 90%
Reason: Livestock is a type of stock that refers to animals raised for agricultural purposes, such as cows or pigs. Small-cap stock and growth stock are both types of stocks that do have shares. Therefore, the best answer is ""None of above"" as it encompasses all the other options.","Answer: 1
Confidence: 80%
Reason: Livestock is a type of animal, not a type of stock."," Answer: 1
Confidence: 90%
Reason: The riddle is asking for a type of ""stock"" that does not involve ownership through shares, as is common with investment terminology (small-cap stocks and growth stocks). Livestock refers to farm animals raised for use or sale, which fits this description. While it may be an unconventional interpretation of 'stock', it adheres to the literal meaning of the question."
What do you call a toothless bear?,"['A brown bear.', 'A polar bear.', 'A gummy bear.', 'None of above.']","Answer: 2
Confidence: 90%
Reason: A gummy bear is a type of candy that is toothless, so it fits the description of a toothless bear. The other options, a brown bear and a polar bear, do not specifically indicate that the bear is toothless. Option 3, None of above, is not the best answer because option 2, A gummy bear, seems to be the most fitting choice.","Answer: 2
Confidence: 80%
Reason: A gummy bear is a type of candy that is shaped like a bear and has no teeth."," Answer: 2
Confidence: 90%
Reason: The riddle is asking for what you would call a bear that has no teeth, similar to a gummy bear which is a type of candy without any real teeth. Options 0 and 1 are incorrect because they refer to specific types of bears with fur colors and not whether or not they have teeth."
Where will a computer technician keep all his key?,"['A mouse.', 'A monitor.', 'A keyboard.', 'None of above.']","Answer: 3
Confidence: 80%
Reason: The riddle asks where a computer technician will keep all his keys. None of the options provided (mouse, monitor, keyboard) seem like logical places to keep keys. A computer technician would likely keep keys in a keychain or a key holder, which is not mentioned in the options. Therefore, the best answer is ""None of above.""","Answer: 2
Confidence: 100%
Reason: The keyboard is where a computer technician will keep all his keys since a keyboard contains various keys used to type and input data on a computer."," Answer: 3
Confidence: 90%
Reason: The riddle specifies that it is looking for where a ""computer technician"" would keep his keys, not simply a user or owner of a computer. While keys could be kept near any number of computer peripherals, option 3 (None of the Above) is the most inclusive and accounts for the possibility that the technician may have a specific location or tool used to store their keys while working on computers, such as a tool belt or pocket, which are not listed as options."
What do you call a bear with no teeth?,"['A brown bear.', 'A gummy bear.', 'A polar bear.', 'None of above.']","Answer: 1
Confidence: 90%
Reason: A gummy bear is a type of candy that is soft and chewy, similar to how a bear with no teeth would be. The other options do not directly relate to a bear with no teeth.","Answer: 1
Confidence: 100%
Reason: Gummy bears are bears without teeth, as they are made of gummy candy."," Answer: 1
Confidence: 90%
Reason: The riddle asks for a bear with no teeth, so it can't be a living bear that relies on its teeth for survival like a brown bear or a polar bear. Therefore, option 0 and option 2 are unlikely choices because they refer to specific types of bears that would not survive without their teeth. On the other hand, ""gummy bear"" is a term used to describe a type of candy that resembles a cute, cuddly bear but has no actual teeth. Although this interpretation takes some creative liberties, it fits the description given in the riddle better than the other options."
What was the result of the tiny lobster's math test?,"['Very-bad.', 'Sea-plus.', 'Very-Good.', 'None of above.']","Answer: 1
Confidence: 80%
Reason: The answer ""Sea-plus"" is a play on words, combining the word ""C-plus"" (a common grade in school) with ""sea"" (where lobsters live). This seems like a clever and fitting answer for a riddle about a tiny lobster's math test.","Answer: 1
Confidence: 80%
Reason: The words ""See plus"" resembles ""sea plus"" which would be a result on a math test."," Answer: 3
Confidence: 90%
Reason: The riddle mentions a ""tiny lobster,"" which is not a common subject for math tests, making options 0 and 2 less likely. Option 1 might seem plausible if interpreted as a play on words (""Sea plus"" instead of C+), but it seems too obscure and unrelated to standardized testing grading systems. Therefore, option 3 (None of the above) appears to be the most appropriate choice due to its general nature."
What tree can you carry in your hand?,"['Palm.', 'Oak.', 'Pine.', 'None of above.']","Answer: 3
Confidence: 100%
Reason: None of the above options are correct because the riddle asks for a tree that can be carried in your hand, and none of the options fit that description.","Answer: 0
Confidence: 100%
Reason: Palm trees are the only kind of tree that can be carried in your hand."," Answer: 0
Confidence: 95%
Reason: A ""palm"" refers to both a type of tree that produces coconuts and the inner part of the human hand. In this context, it is likely referring to the tree since it fits with the theme of being able to carry it in your hand. The fruits or seeds of other trees like oak or pine are not typically carried in the hand due to their size and weight."
What chain is having trouble in connecting?,"['Blockchain.', 'Supply chain.', 'Logic chain.', 'None of above.']","Answer: 0
Confidence: 90%
Reason: The term ""blockchain"" refers to a specific type of chain that is used in technology to connect blocks of data. It is commonly known for its decentralized and secure nature. The other options, supply chain and logic chain, do not typically have trouble in connecting as they are different concepts. Therefore, option 0, blockchain, is the most likely answer.","Answer: 0
Confidence: 70%
Reason: Blockchain is a distributed database that is used to maintain a continuously growing list of records, called blocks. Each block contains a cryptographic hash of the previous block, a timestamp, and transaction data. Blockchain is secure because it is difficult to tamper with the data in a block once it has been added to the chain. However, blockchain can be slow and expensive to use, and it can be difficult to connect different blockchains to each other."," Answer: 1
Confidence: 85%
Reason: The riddle suggests that there is a ""chain"" that is experiencing difficulty in connecting, which implies some sort of link or connection problem. Among the options provided, supply chains are physical or metaphorical chains of processes, organizations, and technology used to produce and distribute goods and services, making them prone to connectivity issues due to their complexity. While blockchains and logic chains can also encounter problems, they do not inherently have difficulties with connections as implied by the riddle."
What kind of shot didn't hurt?,"['A fireshot.', 'A screenshot.', 'A gunshot.', 'None of above.']","Answer: 1
Confidence: 90%
Reason: A screenshot is a type of shot that is taken with a camera or device, and it does not physically hurt anyone. A fireshot and a gunshot both involve physical force and can cause harm, so they are not the correct answer. Option 3 is a possibility, but option 1 seems to be the most logical choice based on the given riddle.","Answer: 1
Confidence: 100%
Reason: A screenshot is a digital image of the contents of a computer screen. It is not a physical shot, so it does not hurt."," Answer: 1
Confidence: 95%
Reason: A ""fireshot"" could cause burn injuries, a ""gunshot"" would likely cause physical harm, but a ""screenshot"" is just a picture of what's on a computer or smartphone screen and doesn't involve any form of injury."
What kind of birds always make noise?,"['Humming bird.', 'Hawk.', 'Owl.', 'None of above.']","Answer: 3
Confidence: 70%
Reason: While all birds make some kind of noise, there is no specific kind of bird that always makes noise. Some birds may be quieter than others, but none of the options provided can be definitively said to always make noise.","Answer: 0
Confidence: 100%
Reason: Hummingbirds are the only bird species that make a humming noise with their wings."," Answer: 3
Confidence: 90%
Reason: While it is true that some species of hummingbirds, hawks, and owls do make noises, none of them are known for making constant or consistent noise like other types of birds such as songbirds or chickens. Therefore, I would say ""None of the above"" since these options don't accurately describe birds that always make noise. However, there may be exceptions depending on specific circumstances (e.g., a distressed hawk), so my confidence level is not at 100%."
What type of  table doesn't have chairs?,"['A dining table.', 'A coffee table.', 'A water table.', 'None of above.']","Answer: 3
Confidence: 90%
Reason: A dining table and a coffee table are both types of tables that typically have chairs. A water table is a type of table used for scientific experiments or play, and it also does not have chairs. Therefore, none of the above options accurately answer the riddle.","Answer: 2
Confidence: 80%
Reason: A water table is a shallow pool of water, usually used by children for playing. It does not have chairs associated with it, unlike dining tables or coffee tables."," Answer: 1
Confidence: 90%
Reason: A coffee table is a low table designed for use in a living room or sitting room, often with a central pedestal support and without any chairs around it. While option 2 could be interpreted as a table used for water activities, it isn't typically referred to as a ""type"" of table like the others are."
What type of chase never involves running?,"['Escape chase.', 'Paperchase.', 'Risky chase.', 'None of above.']","Answer: 1
Confidence: 90%
Reason: A paperchase is a type of chase that involves following a trail of paper clues, but it does not involve running.","Answer: 1
Confidence: 100%
Reason: Paperchase is a type of chase that involves following a series of clues or markers through a designated course, typically on foot or sometimes on horseback, rather than running."," Answer: 1
Confidence: 95%
Reason: A paper chase is a task or series of tasks that leads someone through various places or challenges, often as part of a game or training exercise. It doesn't involve physical running but rather mental and emotional engagement throughout different stages or phases (the ""paper trail"")."
What is the most difficult key to turn?,"['A new key.', 'A gold key.', 'A donkey.', 'None of above.']","Answer: 3
Confidence: 100%
Reason: None of the options provided are keys, so none of them would be difficult to turn.","Answer: 2
Confidence: 100%
Reason: Donkey is not a key and new and gold are just descriptions, not a type."," Answer: 2
Confidence: 95%
Reason: The riddle is tricking us into thinking about keys for locks, but it mentions ""turn"" which can also mean rotate or change direction. In this context, a donkey would be the hardest to make change directions since they are known for being stubborn and not easily swayed."
What clothing does a house wear?,"['Address.', 'Suit.', 'Wedding dress.', 'None of above.']","Answer: 0
Confidence: 70%
Reason: The clothing that a house wears is its address. This is because an address is a unique identifier for a house and is often displayed on the exterior of the house, similar to how clothing is worn by a person.","Answer: 0
Confidence: 100%
Reason: An address is a unique identifier for a house, similar to how a person wears clothing to identify themselves."," Answer: 3
Confidence: 90%
Reason: A house is an inanimate object and cannot literally wear any form of clothing. Therefore, none of the provided options are correct as they all suggest that a house can wear some type of clothing."
What species of geese engages in snake-fighting?,"['Canada goose.', 'Snow goose.', 'Mongoose.', 'None of above.']","Answer: 3
Confidence: 100%
Reason: Geese are not known to engage in snake-fighting.","Answer: 2
Confidence: 80%
Reason: ""Mongoose"" is the only option that refers to an animal that engages in snake-fighting."," Answer: 2
Confidence: 95%
Reason: The word ""goose"" is used misleadingly here, and it seems like they want us to select an option related to a type of goose. However, if we consider that this might be a trick question, then option 2 (Mongoose) becomes more plausible as mongoose are known for their ability to fight snakes."
What is the capital in Washington?,"['The letter N.', 'The letter T.', 'The letter W.', 'None of above.']","Answer: 3
Confidence: 100%
Reason: The riddle is asking for the capital in Washington, which implies that Washington itself is not the capital. Therefore, none of the given options (N, T, W) can be the correct answer.","Answer: 0
Confidence: 80%
Reason: The capital of Washington state is Olympia, and the letter 'N' is the first letter in ""Olympia."""," Answer: 3
Confidence: 90%
Reason: The question asks for the ""capital"" in Washington, not the first letter of a city or state name containing ""Washington"". Interpreted this way, it seems likely that the intended meaning of ""capital"" here is actually ""seat of government"", which would be Olympia for the state of Washington and Washington D.C. for the country. However, since neither of those options are given, I believe none of the provided answers are correct."
"How do you make ""one"" disappear?","['By saying ""zero,two,three"" to omit ""one"".', 'Add a ""g"" and ""one"" Gone.', 'Use ""single"" as an alternative word.', 'None of above.']","Answer: 1
Confidence: 90%
Reason: Option 1 seems to be the most logical and straightforward answer. By adding a ""g"" to ""one,"" it becomes ""gone,"" which means it has disappeared.","Answer: 1
Confidence: 100%
Reason: Adding a ""g"" to ""one"" turns it into ""gone"", which is a homophone and means the same as ""disappear""."," Answer: 1
Confidence: 95%
Reason: When you add a 'g' at the end of ""one"", it makes the word ""gone,"" which implies that ""one"" has disappeared."
"How do you get rid of ""one""?","['Add a ""g"" and ""one"" Gone.', 'Use ""single"" as an alternative word.', 'By saying ""zero,two,three"" to omit ""one"".', 'None of above.']","Answer: 0
Confidence: 90%
Reason: Option 0 seems to be the most straightforward and logical solution to getting rid of ""one"" by simply adding a ""g"" to form ""gone"".","Answer: 0
Confidence: 100%
Reason: To get rid of ""one"", adding a ""g"" and making it ""gone"" is the most straightforward and effective way."," Answer: 0
Confidence: 95%
Reason: Option 0 is the only choice that directly addresses getting rid of the word ""one."" It suggests changing it into another word rather than avoiding using it or implying its removal indirectly like the other options. The method proposed here makes sense because adding a 'g' indeed transforms the word ""one"" into ""gone,"" which aligns with the riddle's requirement."
What kind of wave doesn't involve water?,"['Microwave.', 'Seawave.', 'Tidewave.', 'None of above.']","Answer: 0
Confidence: 90%
Reason: A microwave is a type of wave that does not involve water. It is a form of electromagnetic radiation that is used for cooking and heating food. The other options, seawave and tidewave, both involve water and are not applicable in this context.","Answer: 0
Confidence: 100%
Reason: Microwaves are a form of electromagnetic radiation, not waves that involve water."," Answer: 0
Confidence: 95%
Reason: A microwave is a type of electromagnetic radiation with wavelengths longer than those of visible light, but shorter than those of radio waves. The energy of microwaves are used to heat food and it does not involve water. Water can be heated using microwaves because water molecules absorb the microwave radiation and generate heat. However, the wave itself does not involve water."
What kind of goose fights with snakes?,"['Snow goose.', 'Canada goose.', 'Mongoose.', 'None of above.']","Answer: 3
Confidence: 100%
Reason: None of the above options are correct. Geese do not typically fight with snakes.","Answer: 2
Confidence: 100%
Reason: Mongoose is not a goose, but it is well-known for its ability to fight snakes."," Answer: 2
Confidence: 95%
Reason: Although options 0 and 1 are types of geese, they do not fight with snakes. The word ""goose"" might be misleading, but if we consider option 2, mongoose is a mammal known for its ability to fight against venomous snakes effectively."
What kind of chain is edible?,"['Food chain.', 'Logic chain.', 'Blockchain.', 'None of above.']","Answer: 0
Confidence: 90%
Reason: The term ""food chain"" refers to the sequence of organisms in an ecosystem where each organism is the source of food for the next organism in the chain. Since the riddle asks for an edible chain, the most logical answer would be the food chain.","Answer: 0
Confidence: 100%
Reason: A food chain is a metaphor for the transfer of energy from one organism to another. The term ""chain"" is used to describe the linear sequence of organisms through which energy flows."," Answer: 0
Confidence: 95%
Reason: The question asks for a type of ""chain"" that is edible, and option 0, ""food chain,"" refers to the sequence of transfers of matter and energy from organism to organism in which each living thing is both producer and consumer. While not literally ""edible"" as a single entity, it does involve consumable components, making it the most reasonable choice out of the provided options."
What animal keeps the best time?,"['A watchdog.', 'An elephant.', 'A whale.', 'None of above.']","Answer: 0
Confidence: 80%
Reason: A watchdog is known for its ability to keep track of time and alert its owners to any changes or disturbances. They are often used to keep time and maintain a schedule, making them the best option among the given choices. However, there is still a small chance that another animal could be a better timekeeper.","Answer: 0
Confidence: 100%
Reason: A watchdog keeps the best time because it is known for its ability to stay alert and keep a watchful eye on its surroundings. It is often used as a guard animal due to its loyalty and protective instincts. The other options, an elephant, a whale, and ""None of the above,"" are not commonly associated with keeping time."," Answer: 0
Confidence: 85%
Reason: The phrase ""keeps the best time"" can be interpreted as the most accurate at telling time or keeping track of time. While none of the animals listed are known for their ability to literally tell time, a watchdog is an animal (a domesticated dog) that is often used to protect property and ward off intruders. This association with watching or guarding could extend to include the concept of ""keeping time."" Furthermore, watches and dogs both have associations with time, making this option more plausible than the others. However, it's worth noting that there may still be other interpretations of the riddle that would lead to different answers, hence my confidence level is not 100%."
What animal has the best chronology?,"['An elephant.', 'A watchdog.', 'A whale.', 'None of above.']","Answer: 3
Confidence: 70%
Reason: None of the given options seem to be directly related to chronology. An elephant, a watchdog, and a whale do not inherently have any special abilities or characteristics related to time or chronology. Therefore, it is likely that the correct answer is none of the above. However, without any additional information or context, it is difficult to be completely certain.","Answer: 0
Confidence: 90%
Reason: An elephant never forgets, so it has the best chronology."," Answer: 3
Confidence: 90%
Reason: The word ""chronology"" refers to the arrangement of events or dates in order, typically that of a group or series. In this context, it is unlikely that any animal would have ""better"" or ""worse"" chronology than another. Therefore, I believe none of the given options (elephant, watchdog, or whale) truly fit as an answer to this rationale."
What stocks make everyone happy no matter what the situation?,"['Laughingstock.', 'Penny stock.', 'Value stock.', 'None of above.']","Answer: 0
Confidence: 80%
Reason: The term ""laughingstock"" is commonly used to describe something or someone that is considered ridiculous or a source of amusement. In the context of the riddle, stocks that make everyone happy regardless of the situation would likely be those that are seen as amusing or ridiculous, hence the term ""laughingstock"" seems to be the best fit.","Answer: 0
Confidence: 90%
Reason: A laughingstock is someone or something that is widely ridiculed or mocked. No matter what the situation, finding someone or something to laugh at can make people happy."," Answer: 2
Confidence: 85%
Reason: Value stocks are generally considered a safe and reliable investment choice because they tend to be well-established companies with stable earnings, solid balance sheets, and low prices relative to their intrinsic value. These types of stocks can provide steady returns over time and offer some protection against market downturns. Therefore, investors may feel happier owning value stocks compared to other options like penny stocks or laughingstocks which come with higher risks and uncertainty."
"If a stock doesn't have shares, what kind is it?","['Livestock.', 'Growth stock.', 'Small-cap stock.', 'None of above.']","Answer: 3
Confidence: 100%
Reason: If a stock doesn't have shares, it means it doesn't exist or is not a valid stock. Therefore, none of the given options (livestock, growth stock, small-cap stock) would be applicable.","Answer: 3
Confidence: 100%
Reason: A stock without shares is not a stock at all, so none of the options apply."," Answer: 3
Confidence: 90%
Reason: The riddle seems to be related to stocks traded on financial markets. Neither livestock (which are animals raised for profit), growth stock, nor small-cap stock accurately describe a stock that does not have shares. Therefore, none of the given options fits the description."
What kind of tree is most safe?,"['Pine.', 'Hemlock.', 'Oak.', 'None of above.']","Answer: 3
Confidence: 100%
Reason: None of the above options specify a tree that is inherently safe. Safety can depend on various factors such as location, condition of the tree, and potential hazards around it.","Answer: 3
Confidence: 90%
Reason: The safest tree is none of the above because it is not exposed to any danger."," Answer: 3
Confidence: 85%
Reason: The riddle seems to be a play on words, where ""safe"" refers not to physical safety but rather to non-harmfulness to people or animals. Both hemlock and oak trees have poisonous parts (hemlock being highly toxic), while pine trees do not contain any known harmful substances. However, none of these options perfectly fit the description since they can all pose potential dangers under certain circumstances - for example, falling branches could cause injury regardless of species. Therefore, option 3 appears to be the best choice as it acknowledges that no tree is completely free from risks."
What is the hardest key to turn?,"['A new key.', 'A donkey.', 'A gold key.', 'None of above.']","Answer: 3
Confidence: 90%
Reason: The riddle asks for the hardest key to turn, and none of the given options are specifically mentioned as being difficult to turn. Therefore, it is likely that the answer is ""None of above."" However, there is a small chance that there may be another answer not listed in the options.","Answer: 1
Confidence: 80%
Reason: The riddle is asking what is the hardest key to turn. A donkey is an animal known for being stubborn, therefore it can be interpreted as the hardest key to turn."," Answer: 1
Confidence: 90%
Reason: The riddle seems to be a play on words, where ""hardest"" refers not to physical difficulty but instead means stubborn or resistant. In this case, it would refer to option 1, ""A donkey"", as the phrase ""working like a donkey"" can mean working very hard or being stubborn and resistant to change."
What is the capital in London?,"['The letter L.', 'The letter N.', 'The letter D.', 'None of above.']","Answer: 3
Confidence: 100%
Reason: The riddle asks for the capital in London, but London is already a capital city itself. Therefore, none of the given options are correct.","Answer: 0
Confidence: 100%
Reason: The capital letter in London is 'L'."," Answer: 3
Confidence: 90%
Reason: The question asks for the ""capital"" in London, not the ""letter."" A better riddle might have been something like ""What letter appears most often in the name of the river that flows through central London?"" In this case, the answer would be option 2 (D), as the River Thames contains four instances of the letter 'd'. However, since the actual riddle does not ask about a river or any other specific feature of London, I am confident that none of the given options are correct."
What is Washington's capital?,"['The letter T.', 'The letter W.', 'The letter N.', 'None of above.']","Answer: 3
Confidence: 100%
Reason: The riddle is asking for Washington's capital, which is Washington, D.C. None of the given options represent the correct answer.","Answer: 0
Confidence: 100%
Reason: The capital of Washington is Olympia. The first letter of Olympia is 'O' which is the 15th letter of the alphabet. T is the 20th letter of the alphabet."," Answer: 3
Confidence: 100%
Reason: The question asks for ""Washington's capital"", which refers to the city that serves as the seat of government for the U.S. state of Washington, not a letter. Therefore, none of the provided options are correct."
What kind of tree can you hold in your hands?,"['Oak.', 'Pine.', 'Palm.', 'None of above.']","Answer: 2
Confidence: 90%
Reason: The riddle states that the tree can be held in your hands. While oak and pine trees can grow to be quite large, palm trees are typically smaller and can be held in your hands.","Answer: 3
Confidence: 100%
Reason: A tree is a large plant with a trunk and branches. It is not possible to hold a tree in your hands."," Answer: 3
Confidence: 90%
Reason: The other options are types of trees that grow too large to be held in your hands. While it is theoretically possible to hold a seedling or small branch of an oak, pine, or palm tree in your hands, none of those trees can be easily and fully encompassed by human hands when they are mature and full grown. Therefore, option 3 (None of the above) seems like the most accurate answer based on the information provided in the riddle."
What kind of chase involves running at all times?,"['Risky chase.', 'Escape chase.', 'Paperchase.', 'None of above.']","Answer: 2
Confidence: 80%
Reason: A paperchase involves running at all times as participants follow a trail of paper clues. The other options do not necessarily involve running at all times.","Answer: 2
Confidence: 100%
Reason: Paperchase is a game in which participants follow a trail of clues to find hidden objects. It involves running at all times as participants must race against each other to find the clues and objects first."," Answer: 2
Confidence: 95%
Reason: A paper chase is a type of race where participants follow a trail left by others, which often involves running continuously. While it can be risky and might sometimes involve escaping from something or someone, those aspects are not inherent to this type of chase like they are with options 0 and 1."
What kind of pet would houses like to keep even it doesn't make sound?,"['Cat.', 'Carpet.', 'Dog.', 'None of above.']","Answer: 1
Confidence: 90%
Reason: Houses do not have preferences or the ability to keep pets. However, houses do have carpets, which are commonly found in houses and do not make sound.","Answer: 1
Confidence: 60%
Reason: ""Carpet"" is a flooring material that is often used in houses. It does not make any sound, so it would be a good pet for a house that wanted a quiet pet."," Answer: 1
Confidence: 90%
Reason: A carpet is a type of floor covering, not a pet. However, if we interpret ""houses"" as representing people who live in houses, then option 1 could be interpreted as meaning that these people prefer a quiet home with no pets making noise. Therefore, I am giving this answer a high confidence level because while it may not strictly fit the riddle's criteria for an animal pet, it does address the idea of having something (or nothing) in the house that makes no sound."
"When the king was performing really bad with throwing arrows, to give a score to him, what did the hand of the king say?","['Aim-highness', 'King-winner.', 'Good-shooter.', 'None of above.']","Answer: 3
Confidence: 90%
Reason: The riddle states that the king was performing really bad with throwing arrows, so it is unlikely that the hand of the king would say anything positive like ""Aim-highness"", ""King-winner"", or ""Good-shooter"". Therefore, the most logical answer is ""None of above"".","Answer: 0
Confidence: 90%
Reason: The king's hand would say ""Aim-highness"" to encourage the king to aim higher and improve his archery skills."," Answer: 3
Confidence: 95%
Reason: The riddle mentions that the king is performing poorly at archery, so it seems unlikely that any of the given options would be used as a sarcastic or humorous way of acknowledging his poor performance. Option 3 (None of the above) seems like the most appropriate choice since none of the other options fit the situation described in the riddle."
What is the best key for a satisfying meal?,"['A joykey.', 'A turkey.', 'A hockey.', 'None of above.']","Answer: 1
Confidence: 80%
Reason: A turkey is a common and popular choice for a satisfying meal, especially during holidays like Thanksgiving. It is a traditional and delicious option that is often associated with a satisfying and enjoyable dining experience.","Answer: 0
Confidence: 100%
Reason: A ""joykey"" sounds like ""a key to joy"", and a satisfying meal can bring joy."," Answer: 1
Confidence: 85%
Reason: The riddle seems to be referring to a ""key"" as something that unlocks or leads to something, and in this case, it would be the main dish for a satisfying meal. Among the options given, a turkey is a common food item associated with meals, especially holiday feasts. Therefore, I believe option 1 is the most likely correct answer."
What does a rain cloud wear under their raincoat?,"['Thunderware.', 'Suit.', 'Skirt.', 'None of above.']","Answer: 3
Confidence: 100%
Reason: A rain cloud is a mass of water vapor in the atmosphere, so it does not wear anything under a raincoat.","Answer: 0
Confidence: 80%
Reason: Thunderware is a playful and creative answer that plays on the words ""thunder"" and ""underwear,"" suggesting that rain clouds might wear something comical or unique beneath their raincoat. While the other options are not relevant to the riddle, Thunderware provides a creative and humorous interpretation."," Answer: 0
Confidence: 90%
Reason: The riddle is hinting at something that is unique to a rain cloud, and ""thunder"" could be considered as something closely related to a rain cloud. Also, it seems unlikely for a rain cloud to wear a suit or a skirt underneath its raincoat."
"What is the cake that if you wouldn't be careful, eating it can result in losing your fingers?","['A crab cake.', 'A birthday cake.', 'A spicy cake.', 'None of above.']","Answer: 0
Confidence: 80%
Reason: A crab cake is made with crab meat, which can have sharp shells or claws that can potentially cause injury if not careful while eating.","Answer: 3
Confidence: 100%
Reason: None of the listed answers are a cake that could cause you to lose your fingers."," Answer: 0
Confidence: 95%
Reason: The riddle refers to a cake that has sharp objects (or resembles something with sharp objects) which may cause harm if not eaten carefully. Among the options given, only option 0 - ""A crab cake"" contains the word 'crab', suggesting an association with crustaceans having claws or pincers, which could potentially lead to finger injuries while consuming carelessly. Therefore, I believe this to be the most fitting answer based on the information provided and common sense understanding of each option."
What sort of table doesn't have legs?,"['A dining table.', 'A coffee table.', 'A multiplication table.', 'None of above.']","Answer: 3
Confidence: 80%
Reason: A dining table and a coffee table both have legs, so options 0 and 1 can be eliminated. A multiplication table is not a physical object, so it doesn't have legs either. Therefore, the best answer is option 3, None of above.","Answer: 2
Confidence: 100%
Reason: A multiplication table is a mathematical table that shows the products of numbers. It does not have legs, unlike dining tables or coffee tables."," Answer: 2
Confidence: 90%
Reason: The question asks for a type of ""table"" that does not have legs, and options 0-1 are types of physical tables with surfaces and legs. However, option 2 is a mathematical concept called a ""multiplication table,"" which displays the results of multiplying different numbers together. As this kind of table has no literal legs, it seems to be the most fitting answer based on the provided riddle."
What dress do houses wear?,"['Address.', 'Suit.', 'Wedding dress.', 'None of above.']","Answer: 0
Confidence: 80%
Reason: The word ""address"" is a play on words, as houses have physical addresses. It fits the riddle and makes the most sense out of the given options.","Answer: 0
Confidence: 100%
Reason: An address is a number or name given to a house or building to identify its location. It is like a dress that a house wears to identify it from other houses."," Answer: 0
Confidence: 90%
Reason: The riddle is asking for what kind of ""dress"" houses wear, not what people who live in houses or buildings wear. An address is a unique identifier for a house or building, so it makes sense that addresses could be considered as a type of ""dress"" that houses ""wear""."
"How do you get rid of ""all""?","['By saying ""not none"" to refer ""all"".', 'Add a ""f"" and ""all"" fall.', 'Use ""whole"" as an alternative word.', 'None of above.']","Answer: 2
Confidence: 90%
Reason: Option 2 seems to be the most logical and straightforward solution. Using ""whole"" as an alternative word for ""all"" effectively gets rid of the word ""all"" without any ambiguity or confusion.","Answer: 1
Confidence: 90%
Reason: The answer ""Add a ""f"" and ""all"" fall"" suggests that by adding an 'f' to ""all"", it transforms into ""fall"", effectively getting rid of ""all""."," Answer: 1
Confidence: 95%
Reason: Option 1 is correct because it suggests adding the letter 'f' at the end of 'all', transforming it into 'fall'. This does not literally mean getting rid of every instance of the word ""all"", but it does render the original term unusable, which can be interpreted as having effectively removed or gotten rid of it in that context."
What did the little lobster get on its math test?,"['Sea-plus.', 'Very-bad.', 'Very-Good.', 'None of above.']","Answer: 2
Confidence: 80%
Reason: The little lobster probably did well on its math test, so ""Very-Good"" seems like the most appropriate answer.","Answer: 2
Confidence: 75%
Reason: The riddle suggests what the little lobster got on its math test. The option ""Very-Good"" is the most probable answer because it is a positive result for a test."," Answer: 0
Confidence: 90%
Reason: The riddle seems to be playing with words, using a pun related to the creature in question (lobster). ""Sea plus"" sounds like it could be an alternative way of saying ""sea pluses,"" which is slang for getting good grades or scores in school. However, this option doesn't quite fit the pattern set up by the rest of the options - they are both negative and positive evaluations (""Very Bad"", ""Very Good""), while ""Sea Plus"" feels more neutral. Therefore, I believe that the intended answer might actually be ""Plus"" as in getting extra points, but since ""Plus"" isn't listed as an option, my bet would go to option 0), which is closest in meaning and tone to what I just suggested."
What kind of shot can aim the space?,"['A moonshot.', 'A gunshot.', 'A fireshot.', 'None of above.']","Answer: 0
Confidence: 90%
Reason: A moonshot refers to a rocket launch that aims to reach the moon or outer space. It is specifically designed to aim for space, making it the most suitable option among the given choices.","Answer: 0
Confidence: 100%
Reason: The phrase ""moonshot"" is commonly used to refer to an ambitious and challenging project, often in the context of space exploration. It is often associated with the Apollo program, which aimed to land humans on the moon. The other options, ""gunshot,"" ""fireshot,"" and ""None of above,"" do not relate to the specific concept of a moonshot."," Answer: 0
Confidence: 95%
Reason: The riddle seems to be referring to something that can reach or target space, and a ""moonshot"" is a well-known term for an ambitious project or undertaking, often associated with reaching or exploring space (as in the case of the Apollo missions). While it could technically refer to attempting to physically shoot at the moon, which would make options 1 or 2 valid answers if taken literally, given the context of the question I believe option 0 is the most appropriate answer as it uses a less literal interpretation based on common language usage related to space exploration."
What sort of injection wasn't painful?,"['A fireshot.', 'A screenshot.', 'A gunshot.', 'None of above.']","Answer: 3
Confidence: 100%
Reason: None of the options listed involve a type of injection that is not painful.","Answer: 1
Confidence: 100%
Reason: A screenshot is a digital image of a computer screen, so it cannot be injected into a person."," Answer: 1
Confidence: 90%
Reason: A ""screenshot"" is not an type of injection, but rather a picture taken on a computer or phone screen. Since it cannot be an injection and there are no other options that could cause painless injections, I am assuming this riddle asks for something related to injections that isn't painful. In that case, option 1 would make sense as it does not involve any physical discomfort associated with needles or medical procedures."
What kind of table has no legs?,"['A multiplication table.', 'A coffee table.', 'A dining table.', 'None of above.']","Answer: 0
Confidence: 80%
Reason: A multiplication table is a table that displays the multiplication operations for numbers. It is not a physical table with legs.","Answer: 0
Confidence: 98%
Reason: A multiplication table is a mathematical table used to define a binary operation on a set called a monoid. It does not have a physical form, hence it does not have legs."," Answer: 0
Confidence: 90%
Reason: A multiplication table is a type of mathematical table that displays P*Q where P and Q are usually integers, hence making it a non-physical object without any legs."
What kind of bird is always out of breath?,"['Sparrow.', 'Hawk.', 'Puffin.', 'None of above.']","Answer: 2
Confidence: 90%
Reason: Puffins are known for their short wings and stocky bodies, which can make them appear to be out of breath when flying.","Answer: 2
Confidence: 100%
Reason: ""Puffin"" is a type of bird that is known for its distinctive appearance and its habit of puffing its chest out when it breathes. This behavior gives the impression that the bird is always out of breath, hence the answer."," Answer: 2
Confidence: 95%
Reason: The riddle refers to a bird whose name sounds like it is out of breath. A puffin is a type of bird that ""puffs"" or pants, which makes it the most likely answer."
What do rain clouds wear beneath their raincoat?,"['Thunderware.', 'Suit.', 'Skirt.', 'None of above.']","Answer: 3
Confidence: 100%
Reason: Rain clouds do not wear anything beneath their raincoat because rain clouds are made up of water vapor and do not have physical bodies to wear clothing.","Answer: 3
Confidence: 90%
Reason: Rain clouds themselves wear the raincoat, so they don't need to wear anything else beneath it."," Answer: 3
Confidence: 90%
Reason: Rainclouds are natural phenomena and don't wear clothing, so none of the given options would be correct."
Which chain exactly is edible?,"['Logic chain.', 'Food chain.', 'Gold chain.', 'None of above.']","Answer: 1
Confidence: 90%
Reason: The term ""edible"" refers to something that is safe to eat. Among the given options, the only chain that can be considered edible is the food chain, as it represents the transfer of energy and nutrients from one organism to another in an ecosystem.","Answer: 1
Confidence: 100%
Reason: Food chain is a network of feeding relationships between organisms in an ecosystem, and hence is edible."," Answer: 1
Confidence: 90%
Reason: A food chain refers to a series of organisms through which food and energy pass as one organism eats another; it is a complex interconnected network including producers, consumers, and decomposers. Hence, it is the only reasonable option that can be considered ""edible"" since logic chains and gold chains cannot be consumed."
What is the best key to a good dinner?,"['A joykey.', 'A hockey.', 'A turkey.', 'None of above.']","Answer: 2
Confidence: 90%
Reason: Option 2, ""A turkey,"" seems to be the best answer because a turkey is a traditional and popular main dish for a good dinner.","Answer: 2
Confidence: 70%
Reason: The phrase ""key to a good dinner"" likely refers to something that makes a dinner good. A turkey is a common food served at dinners, especially during holidays like Thanksgiving, and is considered a main course or centerpiece of the meal. While the other options are not typically associated with dinners and do not provide a clear connection to the riddle's prompt."," Answer: 2
Confidence: 95%
Reason: The riddle seems to be referring to food as the ""key"" to a good dinner, and option 2 (a turkey) is a type of food that can be served during dinners. Options 0 and 1 are not related to food or dining experiences. While option 3 suggests none of the options fit, it doesn't provide an alternative solution, so I would still lean towards selecting a food item given the context."
What type of fish participates in space research?,"['Starfish.', 'Catfish.', 'Yellow fish.', 'None of above.']","Answer: 3
Confidence: 100%
Reason: None of the options provided seem to be a type of fish that would participate in space research.","Answer: 0
Confidence: 100%
Reason: The riddle is asking for a type of fish that participates in space research. Starfish are marine animals, not fish, and they do not participate in space research. Therefore, the answer is Starfish."," Answer: 3
Confidence: 90%
Reason: The options provided do not contain a type of fish that would be involved in space research. ""Starfish"" is not actually a fish, it is an echinoderm. There are no known species of catfish or yellow fish that participate in space research."
What does the moon use to lighten up its face?,"['Cloud.', 'Moonbeam.', 'Nightmare.', 'None of above.']","Answer: 1
Confidence: 90%
Reason: The moon does not have its own light source, so it relies on reflecting sunlight to lighten up its face. Moonbeam seems like the most logical option as it represents the reflection of sunlight on the moon's surface.","Answer: 1
Confidence: 80%
Reason: The moonbeam is a natural phenomenon that occurs when the moonlight is reflected off of the dust and ice particles in the atmosphere. It is often seen as a faint, shimmering light that appears to be coming from the moon itself."," Answer: 3
Confidence: 95%
Reason: The moon doesn't have a face, so it can't ""lighten up"" its face. Also, clouds and nightmares don't provide light, and moonbeams are just another term for moonlight itself. Therefore, none of the given options accurately describe what the moon uses to produce light."
What lacks legs and feet but has toes?,"['Cabbages.', 'Tomatoes.', 'Onions', 'None of above.']","Answer: 3
Confidence: 100%
Reason: None of the options provided (cabbages, tomatoes, onions) lack legs and feet but have toes.","Answer: 0
Confidence: 80%
Reason: Cabbages have toes without having legs and feet."," Answer: 3
Confidence: 95%
Reason: The options given are all types of vegetables, which do not have any body parts like toes or legs/feet. However, none of these vegetables have ""toes"". Therefore, I am confident that the correct answer is option 3 - None of the above."
What has ears but can't hear a thing?,"['Corn ears.', 'Wild polar bear.', 'Young child.', 'None of above.']","Answer: 3
Confidence: 100%
Reason: None of the options provided have ears that can't hear. Corn ears are not capable of hearing, but they are not living beings. Wild polar bears and young children both have ears that can hear. Therefore, the correct answer is none of the above.","Answer: 0
Confidence: 95%
Reason: Corn ears are the only option among the given choices that have ears but cannot hear a thing. Ears of corn refer to the cylindrical shaped structure where the kernels grow, and they lack the ability to perceive sound or hear anything."," Answer: 0
Confidence: 100%
Reason: The riddle is asking for something that has ""ears"" as one of its physical features, but cannot hear. Of the options given, corn ears are the only ones that fit this description because they have ears (the husk and kernels that resemble an ear shape), but do not have hearing capabilities since they are part of a plant."
What has toes but no feet or legs?,"['Cabbages.', 'Tomatoes.', 'Onions', 'None of above.']","Answer: 3
Confidence: 100%
Reason: None of the options provided have toes.","Answer: 0
Confidence: 100%
Reason: Cabbages have leaves that resemble toes, but do not have feet or legs."," Answer: 3
Confidence: 95%
Reason: Neither cabbages, tomatoes nor onions have toes. While this riddle could be considered somewhat vague as it doesn't specify what kind of ""toes"" are being referred to, a reasonable interpretation is that it means human toes. In reality, there isn't any object that naturally has toes without having feet or legs attached to them."
What table has not a leg to stand on?,"['Pool table.', 'Tennis table.', 'periodic table', 'None of above.']","Answer: 3
Confidence: 90%
Reason: The riddle states that the table has ""not a leg to stand on,"" implying that it does not have any legs. None of the options provided fit this description, as all of them have legs. Therefore, the correct answer is none of the above.","Answer: 2
Confidence: 80%
Reason: A periodic table is a tabular arrangement of chemical elements, ordered by their atomic number, electron configuration, and recurring chemical properties. It is not a physical table with legs to stand on."," Answer: 2
Confidence: 95%
Reason: The periodic table is a tabular arrangement of chemical elements, organized on the basis of their atomic numbers, electron configurations, and recurring chemical properties. Elements are listed in order of increasing atomic number, which corresponds to the number of protons in an element's atomic nucleus. It doesn't have legs, hence it cannot stand on its own."
What's the beginning of an argument,"['The letter T.', 'The letter A.', 'The letter U.', 'None of above.']","Answer: 3
Confidence: 100%
Reason: The beginning of an argument can vary and is not limited to any specific letter.","Answer: 1
Confidence: 100%
Reason: An argument is a discussion in which people express different opinions and try to convince each other that their opinion is correct. The first letter of `argument` is `A`."," Answer: 0
Confidence: 95%
Reason: In this context, we are looking for a word that starts an argument and not necessarily a letter. However, if we look at the options given, option 0 is the only logical choice because it implies ""The"" which can be used to start many phrases including those leading to arguments. Options 1 and 2 suggest specific letters but there isn't any universal or commonly accepted phrase starting with 'A' or 'U' that signifies the beginning of an argument. Option 3 might seem attractive since none of the other options directly provide a word initiating an argument, but without additional information about what else should be considered, choosing this would amount to guessing rather than reasoning through the provided choices."
What kind of market never grows in size?,"['Hypermarket.', 'A flea market.', 'A super market.', 'None of above.']","Answer: 1
Confidence: 90%
Reason: A flea market is a type of market that typically sells second-hand goods and antiques. Unlike hypermarkets and supermarkets, which can expand and grow in size, flea markets are usually limited in space and do not typically grow in size.","Answer: 3
Confidence: 100%
Reason: All the given options represent types of markets that can grow in size over time."," Answer: 1
Confidence: 95%
Reason: A flea market is a type of market where people sell used or second-hand goods, often from temporary stalls and tables set up specifically for the event. Since they deal with pre-owned items, their inventory doesn't grow as new products would in other types of markets like hypermarkets or supermarkets."
Which letter of the alphabet is the oldest?,"[' ""A\'\', because it\'s always surrounded by \'BC.', "" 'Z', because it's the end of alphabet."", ' \'O\', because it\'s the start of ""OLD"".', 'None of above.']","Answer: 3
Confidence: 100%
Reason: None of the options provided accurately represent the age of a letter in the alphabet. The age of a letter is not determined by its position in the alphabet or any linguistic associations.","Answer: 2
Confidence: 90%
Reason: The riddle asks for the oldest letter of the alphabet. The letter ""O"" is the first letter of the word ""OLD"", which implies that it is the oldest."," Answer: 3
Confidence: 90%
Reason: The ages of letters have no relevance to their positions in the alphabet, so none of the given options are correct."
What type of phone is never answered?,"['A smartphone.', 'A xylophone.', 'A cellphone.', 'None of above.']","Answer: 3
Confidence: 80%
Reason: The riddle asks for a type of phone that is never answered. Option 0 and 2 suggest types of phones that can be answered, as smartphones and cellphones are designed to be answered. Option 1, a xylophone, is not a type of phone at all. Therefore, option 3, ""None of above,"" seems to be the best answer as it implies that there is no type of phone that is never answered.","Answer: 1
Confidence: 100%
Reason: A xylophone is a musical instrument and not a phone, so it is never answered."," Answer: 1
Confidence: 95%
Reason: The riddle is asking for a ""type of phone"" that is never answered, not a device that we typically don't associate with being a phone. A xylophone, option 1, can be considered as a ""phone"" because it has keys like a telephone but it is never used as a communication device and therefore is never answered."
"How spell ""I SEE YOU"" in three letters?","['O P T', 'I C U.', 'S O S', 'None of above.']","Answer: 3
Confidence: 100%
Reason: None of the given options spell ""I SEE YOU"" in three letters.","Answer: 1
Confidence: 100%
Reason: ICU (I see you)"," Answer: 1
Confidence: 95%
Reason: The riddle asks for a way to spell ""I SEE YOU"" in three letters, which seems impossible at first glance. However, option 1 suggests spelling it as ""I C U,"" which is a common internet slang term that can be interpreted as seeing someone through technology like computers or phones. Given this context, it makes sense and fits the criteria set by the riddle."
What kind of drive ensures you remain stationary?,"['Driving with limited oil.', 'A hard drive in a computer.', 'Diving at a low speed.', 'None of above.']","Answer: 3
Confidence: 100%
Reason: None of the given options ensure remaining stationary. Option 0 refers to limited oil, which may affect the performance of a vehicle but does not guarantee remaining stationary. Option 1 refers to a hard drive in a computer, which is unrelated to physical movement. Option 2 refers to diving at a low speed, which implies movement but at a slower pace. Therefore, none of the above options ensure remaining stationary.","Answer: 1
Confidence: 100%
Reason: A hard drive is a computer component used to store data, and it does not involve any movement or driving."," Answer: 1
Confidence: 95%
Reason: A hard drive in a computer is a type of storage device that does not affect the physical movement of the computer itself. Therefore, having a hard drive in a computer would ensure that the computer remains stationary. The other options do not directly relate to keeping an object stationary and are more related to different concepts (e.g., car maintenance, scuba diving)."
Which of the following pens should never be used for writing?,"['Bullpen.', 'Hard pencil.', 'Crayon.', 'None of above.']","Answer: 3
Confidence: 100%
Reason: The riddle asks which pen should never be used for writing, and none of the options given are actually pens. Option 0 is a type of pen, but it is still a pen and can be used for writing. Option 1 is a pencil, not a pen. Option 2 is a crayon, not a pen. Therefore, the correct answer is none of the above.","Answer: 2
Confidence: 95%
Reason: Crayons are not pens and are typically not used for writing."," Answer: 0
Confidence: 95%
Reason: A bullpen is not a type of pen that can be used for writing. It is actually a term used in baseball and journalism, referring to a holding area for relief pitchers or a group of reporters, respectively. The other options are types of writing instruments, but since we are looking for the pen that should ""never"" be used for writing, option 0 seems to fit the best."
There were two sticks on the ground. A boy made five out of them without breaking them in halfs. How's that possible?,"['Take two matches and form the numeral ""II"" .', 'Shape the two sticks to form a 45 degree between themselves, then they become V which is 5 in Roman.', 'Take two matches and form the numeral ""X"" .', 'None of above.']","Answer: 1
Confidence: 100%
Reason: Option 1 seems to be the most logical answer as it involves shaping the sticks to form the numeral ""V"" which represents the number 5 in Roman numerals.","Answer: 1
Confidence: 80%
Reason: The riddle states that the boy made five out of two sticks without breaking them in half. Option 1 provides a feasible solution by shaping the two sticks to form a 45-degree angle, creating a V shape, which represents the Roman numeral for 5. This interpretation aligns with the conditions set in the riddle, while the other options do not offer a valid solution."," Answer: 1
Confidence: 90%
Reason: The riddle mentions two sticks on the ground and the boy making five out of them. Option 1 suggests shaping the two sticks into a 'V', which represents the Roman numeral for five (V). This does not involve breaking the sticks or adding any additional objects, so it seems like the most plausible answer based on the information provided."
Which three letters can fighter a thief away?,"['I C U.', 'S O S', 'O P T', 'None of above.']","Answer: 3
Confidence: 100%
Reason: None of the given options seem to be a logical answer to the riddle. The letters ""I C U"" (option 0) are commonly used to mean ""I see you"" but they do not necessarily frighten or deter a thief. ""S O S"" (option 1) is a distress signal used in emergencies, but it does not specifically relate to scaring away a thief. ""O P T"" (option 2) stands for ""optical"" and does not have any direct connection to deterring a thief. Therefore, none of the above options seem to be the correct answer.","Answer: 1
Confidence: 90%
Reason: SOS is a universal emergency signal, which can be used to alert people to danger and call for help. It is often used in situations where someone is being attacked or robbed, so it could be said that SOS can ""fight a thief away"" by deterring them or attracting attention to the victim."," Answer: 0
Confidence: 95%
Reason: The three letters ""I"", ""C"" and ""U"" could be interpreted as an action where someone is watching (or catching) the thief, which would likely scare the thief away. While it's not a literal fight, this interpretation fits the riddle well. Options 1 and 2 don't have any clear connection to fighting off or deterring a thief."
What table doesn't have a leg to stand on?,"['Tennis table.', 'periodic table', 'Pool table.', 'None of above.']","Answer: 3
Confidence: 80%
Reason: The riddle states that the table doesn't have a leg to stand on, implying that it is missing a leg or support. None of the options provided fit this description, as all of them have legs or supports. Therefore, the correct answer is none of the above. However, there is still a small chance that there may be another table that fits the riddle, hence the 80% confidence.","Answer: 1
Confidence: 100%
Reason: Periodic table is a table of chemical elements arranged by their atomic number, electron configuration, and recurring chemical properties. It does not have a physical form and does not require legs to stand on."," Answer: 1
Confidence: 95%
Reason: The only ""table"" in the options that isn't supported by legs is the ""periodic table."" It's a tabular arrangement of chemical elements, organized on the basis of their atomic numbers, electron configurations, and recurring chemical properties. Elements are listed in order of increasing atomic number, which corresponds to the number of protons in an element's atom. Since this 'table' is metaphorical and doesn't have physical legs, it fits the riddle best."
How did the farmer fix his jeans?,"['A peach jam.', 'An eggplant.', 'A cabbage patch.', 'None of above.']","Answer: 3
Confidence: 100%
Reason: None of the given options seem to be a logical answer to the riddle.","Answer: 3
Confidence: 100%
Reason: The options are all vegetables or fruits. Jeans are made of denim, which is a type of fabric. None of the options can be used to fix jeans."," Answer: 3
Confidence: 95%
Reason: The riddle seems to be playing with words, where it uses ""jeans"" as a homophone for ""genes."" Farmers don't fix their genes; instead, they might grow crops in a cabbage patch or use other farming methods. However, none of the given options suggest this interpretation. Therefore, I believe the correct answer is option 3, ""None of the above,"" because the question appears to be misleading and doesn't make sense with the provided options."
What chair only has two legs to stand on?,"['Club chair.', 'Committee chair', 'Armchair.', 'None of above.']","Answer: 3
Confidence: 80%
Reason: A chair typically has four legs to stand on, so it is unlikely that there is a chair with only two legs. The options provided do not seem to fit the description of a chair with only two legs.","Answer: 1
Confidence: 80%
Reason: ""Committee chair"" is a position in an organization, not a physical object, it does not have physical legs."," Answer: 3
Confidence: 90%
Reason: The riddle states that the chair ""only has two legs to stand on."" Both a club chair, committee chair, and armchair typically have more than two legs for support. Therefore, none of the given options accurately describe this type of chair."
"Without using any R sounds, how do you say, ""Purchased A Rabbit""?","['Bought a bunny.', 'Purchased A Rabbit.', 'Uchased a abbit.', 'None of above.']","Answer: 0
Confidence: 100%
Reason: Option 0, ""Bought a bunny,"" is the best answer because it accurately conveys the meaning of ""Purchased A Rabbit"" without using any R sounds.","Answer: 2
Confidence: 100%
Reason: ""Uchased a abbit"" is the only option that does not use any R sounds and still conveys the meaning of ""Purchased A Rabbit""."," Answer: 0
Confidence: 100%
Reason: The option 0 - ""Bought a bunny"" does not contain any R sound and correctly conveys the meaning of purchasing a rabbit."
"The eight is first, tomorrow comes before yesterday, and after happens before by and where are they?","['In a science fiction.', 'In a dictionary.', 'In a caculus book.', 'None of above.']","Answer: 3
Confidence: 80%
Reason: The riddle does not provide enough information to determine where the eight, tomorrow, yesterday, after, and by are located. It could be in any of the options or none of them.","Answer: 1
Confidence: 80%
Reason: The riddle seems to be referring to the order of words in a dictionary, where ""eight"" is the first word, ""tomorrow"" comes before ""yesterday"", and ""after"" comes before ""by"" and ""where""."," Answer: 1
Confidence: 95%
Reason: This riddle seems to be referring to words or letters rather than numbers or mathematical concepts. ""The eight is first"" could refer to the word ""eight"" being alphabetically before some other words (such as those starting with numbers greater than eight). ""Tomorrow comes before yesterday"" also makes more sense when interpreted as words rather than actual dates, since ""tomorrow"" appears before ""yesterday"" in the alphabet. Finally, ""after"" coming before ""by"" can again be understood in terms of their order in the alphabet (""after"" precedes ""by""). Therefore, I believe option 1, 'In a dictionary', is the most likely answer."
Which three letters can fend off a thief?,"['I C U.', 'O P T', 'S O S', 'None of above.']","Answer: 2
Confidence: 90%
Reason: The letters ""S O S"" are commonly used as a distress signal, indicating a need for help or assistance. In the context of the riddle, these letters can be seen as a way to call for help or alert others to the presence of a thief. The other options do not have a clear connection to fending off a thief.","Answer: 2
Confidence: 100%
Reason: SOS is a distress signal that can be used to fend off a thief."," Answer: 2
Confidence: 95%
Reason: The phrase ""SOS"" is known internationally as a signal for help, which could be used to alert others and possibly scare off a thief. While it doesn't directly mean ""fend off,"" its widely recognized meaning makes it a strong candidate. Options 0 and 1 are English phrases but they don't convey any clear message that would deter or fend off a thief."
How does a computer technician fix his pants?,"['With an internet web.', 'With a software patch.', 'With a mobile app.', 'None of above.']","Answer: 3
Confidence: 100%
Reason: None of the given options seem to be a logical solution for fixing pants. A computer technician would most likely fix his pants using a needle and thread or by taking them to a tailor.","Answer: 1
Confidence: 100%
Reason: A software patch is a piece of code that is used to fix a problem in a software program. In this riddle, the computer technician is using a software patch to fix his pants. This is a humorous way of saying that the computer technician is using his computer skills to fix his pants."," Answer: 3
Confidence: 90%
Reason: The options provided are related to computing and programming, but none of them make sense in the context of fixing pants. A more likely solution would be to physically mend or adjust the pants using sewing techniques rather than with any kind of technology."
What's in the beginning of the road to Paris?,"['The letter P.', 'The letter S.', 'The letter R.', 'None of above.']","Answer: 0
Confidence: 90%
Reason: The letter P is the first letter in the word ""Paris"", so it makes sense that it would be in the beginning of the road to Paris.","Answer: 0
Confidence: 100%
Reason: The beginning of the road to Paris is the letter P. The riddle is a wordplay and refers to the first letter of the word ""Paris""."," Answer: 0
Confidence: 90%
Reason: If we are looking for what is literally at the start of the ""road to Paris,"" then it would be the first letter of the word ""road."" Therefore, option 0 (The letter P) is the most likely correct answer since the letter ""P"" is the initial letter of ""Paris"" and appears before any other letters when moving along a route towards that destination."
Which letter of the alphabet is the coolest?,"["" 'A', because it's the start of alphabet."", "" 'Z', because it's the end of alphabet."", "" 'B', because it's always surrounded by 'AC'."", 'None of above.']","Answer: 3
Confidence: 100%
Reason: The concept of ""coolness"" is subjective and can vary from person to person. There is no objective measure to determine which letter of the alphabet is the coolest.","Answer: 0
Confidence: 100%
Reason: The riddle is asking for the coolest letter of the alphabet. 'A' is the first letter of the alphabet, which is often associated with beginnings and freshness. It is also a common letter used to represent the start of something, such as in the phrase ""A new beginning"". Therefore, 'A' is the coolest letter of the alphabet."," Answer: 2
Confidence: 75%
Reason: While there is no objectively ""cool"" letter, option 2 suggests that 'B' is always accompanied by 'A' and 'C,' which could imply a sense of community or collaboration, making it seem metaphorically ""cooler"". However, this interpretation is subjective and debatable, hence my confidence level."
"Where is the After before By, tomorrow before yesterday, and the eight is first?","['In a caculus book.', 'In a dictionary.', 'In a science fiction.', 'None of above.']","Answer: 3
Confidence: 80%
Reason: The riddle does not provide enough information to determine a specific answer. None of the given options seem to directly relate to the riddle.","Answer: 1
Confidence: 100%
Reason: The answer to the riddle is ""in a dictionary"". In a dictionary, the word ""after"" comes before the word ""by"", the word ""tomorrow"" comes before the word ""yesterday"", and the number ""eight"" is listed first."," Answer: 1
Confidence: 90%
Reason: The riddle seems to be referring to words or language concepts rather than mathematical (calculus), scientific (science fiction), or chronological order (yesterday after tomorrow). A dictionary contains definitions and explanations for words which fits this description well."
What kind of bird writes?,"['Hawk.', 'Sparrow.', 'Penguin.', 'None of above.']","Answer: 3
Confidence: 100%
Reason: None of the above options are correct because birds do not have the ability to write. Writing is a human activity that requires complex cognitive and physical abilities that birds do not possess.","Answer: 3
Confidence: 100%
Reason: Birds do not have the ability to write."," Answer: 3
Confidence: 95%
Reason: The riddle asks for a type of bird that ""writes,"" which is not typical behavior associated with any specific bird species. Therefore, it seems most likely that none of the given options (Hawk, Sparrow, or Penguin) are correct."
What kind of running means walking?,"['Running out of gas.', 'Running at a low speed.', 'Running with an old person.', 'None of above.']","Answer: 1
Confidence: 80%
Reason: Among the given options, running at a low speed is the closest to walking. While running typically implies a faster pace than walking, running at a low speed can still be considered a form of running that resembles walking.","Answer: 0
Confidence: 80%
Reason: Running out of gas means the car or vehicle stops moving. So, in this context, running means walking (or not moving)."," Answer: 1
Confidence: 85%
Reason: The phrase ""running"" can be used metaphorically to mean moving quickly, even if it's still considered within the realm of walking. Therefore, option 1 could refer to someone who is moving faster than a stroll but not quite at a jog or run."
How were the farmer's jeans fixed?,"['A peach jam.', 'A cabbage patch.', 'An eggplant.', 'None of above.']","Answer: 3
Confidence: 100%
Reason: None of the given options seem to be related to fixing jeans.","Answer: 1
Confidence: 80%
Reason: ""Cabbage patch"" is a common term for a garden where cabbages are grown. It is possible that the farmer's jeans were patched up using a piece of fabric from a cabbage patch."," Answer: 3
Confidence: 90%
Reason: The options given do not seem to make logical sense for fixing a pair of jeans. Therefore, I am confident that none of these options is correct."
Which of the following pens should never be used for writing?,"['Pigpen.', 'Crayon.', 'Hard pencil.', 'None of above.']","Answer: 3
Confidence: 100%
Reason: The riddle asks which pen should never be used for writing, implying that all the options listed are pens. However, option 0) Pigpen is not a pen but a system of writing that uses symbols instead of letters. Option 1) Crayon and option 2) Hard pencil are both valid writing instruments, so the correct answer is none of the above.","Answer: 1
Confidence: 100%
Reason: Crayons are not meant for writing, they are meant for drawing and coloring."," Answer: 0
Confidence: 95%
Reason: A ""Pigpen"" is not a type of pen, but rather it is a cipher or code that uses symbols instead of letters. Therefore, it cannot be used for writing in the traditional sense."
Which type of running equates to walking?,"['Running with an old person.', 'Running at a low speed.', 'Running out of gas.', 'None of above.']","Answer: 3
Confidence: 100%
Reason: None of the given options equate to walking. Walking is a completely different form of locomotion compared to running.","Answer: 2
Confidence: 100%
Reason: ""Running out of gas"" is an idiom that means to stop moving or to stop working. In this context, it's referring to running, which equates to walking because you are not moving forward at a pace that is any faster than walking."," Answer: 1
Confidence: 95%
Reason: The phrase ""running"" often brings to mind fast speeds, but its literal definition is simply moving by means of legs more rapidly than walking. Therefore, option 1 - ""Running at a low speed"" - would still be considered running and could equate to walking due to the similarity in pace."
"Where does run before it walks, the dawn before rises, and eat before grow ?","['In a caculus book.', 'In a science fiction.', 'In a dictionary.', 'None of above.']","Answer: 3
Confidence: 90%
Reason: None of the given options seem to be a logical answer to the riddle. The riddle is asking for something that runs before it walks, the dawn before it rises, and eats before it grows. None of the options provided fit this description.","Answer: 2
Confidence: 90%
Reason: The riddle describes the order of words in a dictionary. For example, ""run"" comes before ""walks"", ""dawn"" comes before ""rises"", and ""eat"" comes before ""grow""."," Answer: 3
Confidence: 90%
Reason: The answer cannot be found literally in any of the mentioned options. However, option 3 is the most general choice which means ""none of the above"". This phrase is often used when none of the given choices fit correctly. Here, 'it' refers to something that runs before walking (implies an infant), comes out before rising (refers to sun or stars), eats before growing (applicable for plants). Therefore, there seems no direct connection with mathematics, science fiction or dictionaries as suggested by other options."
What exactly is at the heart of Paris?,"['The letter P.', 'The letter R.', 'The letter S.', 'None of above.']","Answer: 3
Confidence: 100%
Reason: The riddle is asking what is at the heart of Paris, not what letters are in the word ""Paris"". Therefore, none of the given options are correct.","Answer: <option 4>
Confidence: 100%
Reason: The heart of Paris is not a physical object, but rather a concept or an idea. It is the center of the city, where all the important things happen. It is the place where the city's history, culture, and people come together."," Answer: 3
Confidence: 90%
Reason: When considering what could be at the ""heart"" of a city, it might bring to mind geographical or cultural landmarks rather than individual letters. While Paris does contain the letters P, R, and S within its name, none of these are generally considered to be located at the heart of the city itself."
What kind of phone never gets a response?,"['A smartphone.', 'A cellphone.', 'A xylophone.', 'None of above.']","Answer: 3
Confidence: 80%
Reason: A smartphone and a cellphone are both types of phones that can receive responses, so options 0 and 1 can be eliminated. A xylophone is not a phone at all, so option 2 can also be eliminated. Therefore, the best answer is option 3, None of above.","Answer: 2
Confidence: 100%
Reason: The question asks ""What kind of phone never gets a response?"". A xylophone is a percussion instrument consisting of a series of wooden bars of different lengths, mounted on a frame. It is not a phone, and thus cannot receive or respond to anything."," Answer: 2
Confidence: 95%
Reason: The riddle is asking for a type of ""phone"" that doesn't receive responses, and not specifically about communication devices. Option 2, a xylophone, which is a musical instrument with bars arranged like a keyboard, fits this description because it cannot receive any response as it does not have any interactive or communicative features."
What kind of bird can be an author?,"['Penguin.', 'Hawk.', 'Sparrow.', 'None of above.']","Answer: 3
Confidence: 100%
Reason: None of the above options are correct. Birds cannot be authors as they do not possess the necessary skills and abilities to write and publish books.","Answer: 0
Confidence: 80%
Reason: Penguins, like authors, wear tuxedos."," Answer: 0
Confidence: 100%
Reason: A penguin is a type of flightless bird that is often associated with publishing due to the well-known book publisher, Penguin Random House. Therefore, it fits the riddle best."
What pen should never be used for writing?,"['Pigpen.', 'Hard pencil.', 'Crayon.', 'None of above.']","Answer: 0
Confidence: 90%
Reason: The term ""pigpen"" is often used to refer to messy or illegible handwriting, so it would make sense that a pen called ""pigpen"" should not be used for writing.","Answer: 2
Confidence: 100%
Reason: A crayon is a type of drawing implement and not a pen. It is typically used for coloring and not for writing."," Answer: 3
Confidence: 90%
Reason: The riddle asks for a ""pen"" that should never be used for writing, but options 0, 1, and 2 are not pens; they are a type of marking tool. Therefore, none of the given options is correct, so I chose option 3 as it implies that the other options do not fit the criteria specified in the riddle."
Which kind of cap doesn't go on the head?,"['A baseball cap.', 'A bottle cap.', 'A cowboy hat.', 'None of above.']","Answer: 3
Confidence: 90%
Reason: The riddle asks for a kind of cap that doesn't go on the head. Option 0, a baseball cap, is a type of cap that is worn on the head. Option 1, a bottle cap, is not typically worn on the head but rather used to seal bottles. Option 2, a cowboy hat, is also a type of cap that is worn on the head. Therefore, none of the given options fit the criteria of the riddle.","Answer: 1
Confidence: 100%
Reason: A bottle cap is a type of lid used to seal bottles, not something that is worn on the head."," Answer: 1
Confidence: 95%
Reason: The riddle asks for a type of ""cap"" that does not go on a person's head, but rather something that seals or covers the top of another object. In this case, a ""bottle cap"" fits that description."
"How can you say - ""Purchased A Rotweiler"" without using any R's?","['Uchased a otweile.', 'Purchased A Rotweiler.', 'Bought a dog.', 'None of above.']","Answer: 0
Confidence: 80%
Reason: Option 0 is the closest to the original phrase ""Purchased A Rotweiler"" without using any R's. The only difference is the missing ""P"" at the beginning, but the rest of the phrase remains intact.","Answer: 2
Confidence: 70%
Reason: The riddle asks how to say ""Purchased A Rotweiler"" without using any R's. Option 2, ""Bought a dog,"" does not use any R's and still conveys the same meaning. Option 0 and 1 use R's, and option 3 is incorrect. Therefore, the best answer is option 2. However, it is possible that there might be other ways to say ""Purchased A Rotweiler"" without using R's, so the confidence level is not 100%."," Answer: 2
Confidence: 95%
Reason: The phrase ""Bought a dog"" correctly conveys the idea of purchasing a Rotweiler without using any letter 'r'. Although it does not explicitly mention the breed, it is still the most appropriate option given the constraints of the riddle."
What sort of cap shouldn't be worn on the head?,"['A jar cap.', 'A cowboy hat.', 'A baseball cap.', 'None of above.']","Answer: 0
Confidence: 90%
Reason: A jar cap is not designed to be worn on the head, as it is meant to seal jars and bottles. The other options, such as a cowboy hat and a baseball cap, are specifically designed to be worn on the head.","Answer: 0
Confidence: 100%
Reason: A jar cap is meant to be placed on a jar, not worn on the head."," Answer: 0
Confidence: 95%
Reason: The riddle is asking for a ""sort of cap"" that should not be worn on the head, rather than a specific item. A jar cap is not designed to be worn on the head and therefore seems like the most appropriate answer."
What is at the end of a rainbow?,"['The letter W.', 'The letter R.', 'The letter I.', 'None of above.']","Answer: 3
Confidence: 100%
Reason: The end of a rainbow is not a physical location, but rather an optical illusion caused by the reflection, refraction, and dispersion of light in water droplets. Therefore, there is no specific object or letter at the end of a rainbow.","Answer: 3
Confidence: 100%
Reason: The riddle ""What is at the end of a rainbow?"" has an answer that is not one of the given options. Rainbows are optical illusions, so there is no physical object at the end of one."," Answer: 3
Confidence: 90%
Reason: A rainbow does not have a physical ending point that can be represented by a single letter. It is an optical phenomenon caused by reflection, refraction and dispersion of light in water droplets, resulting in a spectrum of light appearing in the sky. It forms a circular arc with no defined endpoint on the ground."
What type of market is never large?,"['A flea market.', 'Hypermarket.', 'A super market.', 'None of above.']","Answer: 3
Confidence: 100%
Reason: None of the options provided are correct. A market can be large or small depending on its size and scale of operations.","Answer: 0
Confidence: 100%
Reason: A flea market is a small market where people sell used or unwanted items. It is typically held in a public space, such as a park or parking lot. Flea markets are never large because they are typically only held once or twice a year and they are usually only open for a few hours."," Answer: 0
Confidence: 95%
Reason: A ""flea market"" typically refers to a small, often outdoor market where people sell used or handmade items. This definition implies that it is not a large market, making option 0 the most appropriate choice based on typical usage and understanding of the term."
What kind of shell writes?,"['Pen shell.', 'Oyester.', 'Calm.', 'None of above.']","Answer: 0
Confidence: 80%
Reason: A pen shell is a type of shell that is commonly used to write or draw with.","Answer: 0
Confidence: 100%
Reason: The riddle asks for the type of shell that writes. The only option that fits this description is ""Pen shell"", as it has ""pen"" in its name."," Answer: 3
Confidence: 95%
Reason: The riddle asks for a ""shell"" that writes, but none of the given options (Pen Shell, Oyster, or Clam) directly relate to writing. Therefore, I am confident that the correct answer is ""None of the Above""."
A table has three matches on it. Make three matches four without adding another. You are not permitted to disrupt any of the matches. How can this be accomplished?,"['Take three matches and form the numeral ""III"" .', 'Take two matches and form the numeral ""X"" .', 'Shape the 3 matches into a roman numeral four ""IV"".', 'None of above.']","Answer: 2
Confidence: 100%
Reason: Option 2 is the correct answer because by shaping the three matches into a roman numeral four ""IV"", we are able to make three matches four without adding another match or disrupting any of the matches.","Answer: 2
Confidence: 100%
Reason: The riddle suggests that we shape the three matches into the Roman numeral four ""IV"" to convert three matches into four."," Answer: 2
Confidence: 100%
Reason: The question asks for making three matches into four, but states that we cannot add another match or disrupt any of them. This means we need to arrange or modify the existing matches to make it appear as if there are four instead of three. By shaping the 3 matches into a Roman numeral four (""IV""), we are able to represent the number four using only three matches while still adhering to the rules given in the riddle."
Three matches are sitting on a table. Without adding another make for three matches four. You are not allowed to break any of the matches. How can this be done?,"['Take two matches and form the numeral ""X"" .', 'Shape the 3 matches into a roman numeral four ""IV"".', 'Take three matches and form the numeral ""III"" .', 'None of above.']","Answer: 1
Confidence: 100%
Reason: Option 1 is the correct answer because by shaping the 3 matches into a roman numeral four ""IV"", we are not breaking any matches and still making four matches out of three.","Answer: 1
Confidence: 90%
Reason: The Roman numeral for four is ""IV"". This can be made by taking three matches and arranging them in a specific way."," Answer: 1
Confidence: 95%
Reason: The riddle asks for making the number ""four"" using only three matches, without breaking or adding any. This can be achieved by shaping the three matches into a Roman numeral IV which represents the number four. Options 0, 2, and 3 do not meet the criteria mentioned in the riddle as option 0 forms an 'X', option 2 forms an 'III', and option 3 does not provide any alternative solution."
What type of cap isn't worn on the head?,"['A bottle cap.', 'A cowboy hat.', 'A baseball cap.', 'None of above.']","Answer: 0
Confidence: 100%
Reason: A bottle cap is not worn on the head, as it is used to seal bottles and not meant to be worn as a hat.","Answer: 0
Confidence: 100%
Reason: Bottle caps are not worn on the head. They are used to seal bottles."," Answer: 0
Confidence: 95%
Reason: The riddle asks for a type of ""cap"" that is not worn on the head, and a bottle cap fits this description since it's a kind of cap but used to seal bottles rather than being worn on the head."
What kind of market is most dangerous?,"['Bear market.', 'Supermarket.', 'Hypermarket.', 'None of above.']","Answer: 0
Confidence: 80%
Reason: A bear market is typically considered the most dangerous type of market because it is characterized by falling prices and investor pessimism. This can lead to significant losses for investors and increased market volatility. Supermarkets and hypermarkets, on the other hand, are not typically associated with danger in the same way that financial markets can be. Option 3 is not chosen because it is a general statement that does not provide a specific answer.","Answer: 0
Confidence: 100%
Reason: The riddle asks about the most dangerous market. Bear market refers to a situation in financial market in which the prices of stocks are falling. It is called bear because of the movement of bear's paw when it swipes down. Therefore, it is the most fitting answer."," Answer: 0
Confidence: 85%
Reason: A bear market refers to a market condition in which stock prices are falling. This can be a dangerous situation for investors as they may experience significant losses. The other options (supermarket and hypermarket) do not represent types of markets in the financial sense, but rather physical places where goods are sold."
What can you find at the end of a rainbow?,"['The letter R.', 'The letter W.', 'The letter I.', 'None of above.']","Answer: 3
Confidence: 100%
Reason: The end of a rainbow is a concept that does not have a physical existence. It is an optical phenomenon that occurs when sunlight is refracted, reflected, and dispersed in water droplets, resulting in a spectrum of light appearing in the sky. Therefore, there is no specific object or letter that can be found at the end of a rainbow.","Answer: 2
Confidence: 100%
Reason: The letter I is often associated with the end of a rainbow, as it is the first letter of the word ""rainbow"". Additionally, the letter I is often used to represent the end of a sentence, which can be seen as a metaphor for the end of a rainbow."," Answer: 3
Confidence: 90%
Reason: A rainbow is not a physical object with an ending point, so it doesn't have any letters at its ""end"". It is just a visual phenomenon caused by reflection, refraction and dispersion of light in water droplets, resulting in a spectrum of light appearing in the sky."
"Without using any R sounds, how do you say, ""Purchased A Rotweiler""?","['Bought a dog.', 'Purchased A Rotweiler.', 'Uchased a otweile.', 'None of above.']","Answer: 2
Confidence: 90%
Reason: Option 2 is the closest to saying ""Purchased A Rotweiler"" without using any R sounds. It retains the same number of syllables and maintains the general sound of the phrase.","Answer: 0
Confidence: 100%
Reason: The sentence ""Bought a dog"" does not use any ""R"" sounds."," Answer: 0
Confidence: 95%
Reason: The riddle asks for a way to say ""Purchased a Rotweiler"" without using any ""R"" sounds. Option 0 is the only choice that does not contain an 'R' sound and still conveys the intended meaning."
What kind of phone is most colorful?,"['A cellphone.', 'A smartphone.', 'Chromophone.', 'None of above.']","Answer: 2
Confidence: 80%
Reason: The options given are ""A cellphone,"" ""A smartphone,"" ""Chromophone,"" and ""None of above."" Among these options, ""Chromophone"" seems to be the most likely answer as it directly refers to color. The other options do not specifically mention color.","Answer: 2
Confidence: 100%
Reason: The term ""chromophone"" is derived from the word ""chroma,"" meaning color, and ""phone,"" meaning sound. It specifically refers to a musical instrument that produces sound by means of rotating glass disks illuminated by colored lights."," Answer: 2
Confidence: 85%
Reason: The word ""chroma"" means color, and ""-phone"" comes from Greek words like ""phonos"" meaning sound or voice. So a chromophone would be something that produces color (as opposed to sound). This doesn't exist as far as I know, but if it did, it would certainly fit the description given in the riddle!"
What's the coolest letter in the alphabet?,"["" 'Z', because it's the end of alphabet."", "" 'A', because it's the start of alphabet."", "" 'B', because it's always surrounded by 'AC'."", 'None of above.']","Answer: 3
Confidence: 70%
Reason: The question is subjective and can vary depending on personal opinions. There is no definitive answer to what the coolest letter in the alphabet is, as it is a matter of individual interpretation.","Answer: 2
Confidence: 90%
Reason: In a keyboard, 'B' is surrounded by letters 'A' and 'C', giving it the most chilling neighbors."," Answer: 0
Confidence: 85%
Reason: The riddle asks for the ""coolest"" letter, which is a subjective term and can vary based on personal opinion. However, option 0 ('Z') has an objective advantage over other letters since it symbolizes the end or completion (as seen in words like ""zip,"" ""zero,"" etc.), making it more likely to be considered as ""cooler."" This interpretation relies on associating being last with being unique or special, giving this response higher confidence than others without such associations."
What is in the middle of Paris?,"['The letter R.', 'The letter S.', 'The letter P.', 'None of above.']","Answer: 3
Confidence: 100%
Reason: None of the options provided are correct. The riddle is asking for something that is physically located in the middle of Paris, not a letter.","Answer: 1
Confidence: 100%
Reason: The answer to the riddle ""What is in the middle of Paris?"" is the letter S. This is because Paris is a city in France, and the letter S is in the middle of the word ""France""."," Answer: 3
Confidence: 90%
Reason: When considering a geographical location like ""Paris"", it would refer to the city, not letters within a word. Therefore, none of the given options (letters) are correct and the most reasonable answer is 'None of the above'. However, I cannot be completely certain as there could potentially be other interpretations or contexts that were not provided."
